时间,成交量,开盘价,最高价,最低价,收盘价,涨跌额,涨跌幅,换手率,成交额,市盈率,市净率,市销率,市现率,市值,资金流向
2024-02-28,14326376,166.1,181.88,157.0,158.1,-10.04,-5.97,4.38,2397109470.0,-58.8321,10.4599,107.8881,-94.5861,65863582703.1,
2024-02-29,12347025,158.18,170.77,158.15,168.66,10.56,6.68,3.78,2046549080.0,-62.7617,11.1586,115.0943,-100.9038,70262820105.66,
2024-03-01,10438756,168.93,172.95,165.0,170.0,1.34,0.79,3.19,1772559635.0,-63.2603,11.2472,116.0087,-101.7054,70821056670.0,
2024-03-04,10643968,175.0,179.9,169.5,177.4,7.4,4.35,3.26,1866875638.0,-66.014,11.7368,121.0585,-106.1326,73903855607.4,
2024-03-05,14775412,174.0,189.5,171.21,175.0,-2.4,-1.35,4.52,2691588232.0,-65.1209,11.578,119.4207,-104.6968,72904028925.0,
2024-03-06,9903500,173.9,174.84,167.76,170.25,-4.75,-2.71,3.03,1695278561.0,-63.3533,11.2638,116.1793,-101.855,70925205282.75,
2024-03-07,10865666,173.04,175.28,163.5,164.76,-5.49,-3.22,3.32,1835545247.0,-61.3104,10.9006,112.4329,-98.5705,68638101746.76,
2024-03-08,9746790,167.94,171.23,165.0,171.18,6.42,3.9,2.98,1640144616.0,-63.6994,11.3253,116.8139,-102.4114,71312638122.18,
2024-03-11,12091000,170.32,182.0,169.0,179.71,8.53,4.98,3.7,2144002835.0,-66.8736,11.8897,122.6348,-107.5146,74866188789.21,
2024-03-12,12276261,177.02,179.2,167.64,169.82,-9.89,-5.5,3.75,2116639748.0,-63.1933,11.2353,115.8858,-101.5978,70746069668.82,
2024-03-13,10289198,175.0,178.6,171.0,171.5,1.68,0.99,3.15,1802128658.0,-63.8185,11.3465,117.0323,-102.6028,71445948346.5,
2024-03-14,9420182,166.66,174.99,166.51,172.5,1.0,0.58,2.88,1610565283.0,-64.1906,11.4126,117.7147,-103.2011,71862542797.5,
2024-03-15,8565513,171.23,174.0,165.49,171.45,-1.05,-0.61,2.62,1454092150.0,-63.7999,11.3432,116.9982,-102.5729,71425118623.95,
2024-03-18,17081354,173.58,197.66,172.03,195.03,23.58,13.75,4.1,3182789729.0,-72.5744,12.9032,133.0892,-116.6801,81248415778.53,
2024-03-19,11494566,191.0,192.5,185.3,186.41,-8.62,-4.42,2.76,2165963803.0,-69.3668,12.3329,127.2069,-111.523,77657371610.91,
2024-03-20,8387838,186.0,191.0,182.98,185.26,-1.15,-0.62,2.01,1561173575.0,-68.9388,12.2568,126.4222,-110.835,77178287992.26,
2024-03-21,9282865,188.01,189.66,177.63,180.21,-5.05,-2.73,2.23,1688572234.0,-67.0596,11.9227,122.976,-107.8138,75074486014.71,
2024-03-22,8991013,179.3,183.22,175.99,181.31,1.1,0.61,2.16,1618043666.0,-67.469,11.9955,123.7267,-108.4718,75532739910.81,
2024-03-25,11759990,181.48,193.0,178.68,182.88,1.57,0.87,2.82,2190853471.0,-68.0532,12.0994,124.798,-109.4111,76186793198.88,
2024-03-26,9744990,181.04,186.68,170.49,172.6,-10.28,-5.62,2.34,1731132543.0,-64.2278,11.4193,117.7829,-103.2609,71904202242.6,
2024-03-27,7334557,170.0,174.6,167.3,169.17,-3.43,-1.99,1.76,1254064797.0,-62.9514,11.1923,115.4423,-101.2089,70475283275.67,
2024-03-28,10324949,169.17,182.88,166.38,178.66,9.49,5.61,2.48,1817653318.0,-66.4829,11.8202,121.9183,-106.8864,74428764615.66,
2024-03-29,8413347,176.7,179.1,167.49,173.46,-5.2,-2.91,2.02,1451858865.0,-64.5478,11.4761,118.3698,-103.7754,72262473470.46,
2024-04-01,7232956,177.03,178.44,169.87,174.58,1.12,0.65,1.74,1261660544.0,-64.9646,11.5502,119.1341,-104.4455,72729059255.58,
2024-04-02,5883189,173.5,177.5,168.44,170.88,-3.7,-2.12,1.41,1014626931.0,-63.5878,11.3055,116.6092,-102.2319,71187659786.88,
2024-04-03,9628183,168.2,170.6,158.5,162.1,-8.78,-5.14,2.31,1567150405.0,-60.3206,10.7246,110.6177,-96.9791,67529960507.1,
2024-04-08,4961089,161.82,163.88,157.96,158.97,-3.13,-1.93,1.19,797187324.0,-59.1558,10.5175,108.4818,-95.1066,66226019875.47,
2024-04-09,5843798,157.58,159.49,151.06,157.56,-1.41,-0.89,1.4,904355247.0,-58.6311,10.4242,107.5196,-94.263,65638621699.56,
2024-04-10,6161868,157.0,157.49,148.5,150.09,-7.47,-4.74,1.48,934369564.0,-55.8514,9.93,102.422,-89.7939,62526661150.59,
2024-04-11,7871042,153.5,157.85,151.5,156.18,6.09,4.06,1.89,1219643759.0,-58.1176,10.3329,106.5779,-93.4374,65063721357.18,
2024-04-12,7468220,158.98,163.28,157.5,160.2,4.02,2.57,1.79,1201188014.0,-59.6135,10.5989,109.3211,-95.8424,66738431050.2,
2024-04-15,7478342,160.0,160.5,149.66,153.61,-6.59,-4.11,1.8,1153187788.0,-57.1613,10.1629,104.8241,-91.8998,63993073618.11,
2024-04-16,7642156,151.31,152.3,144.38,144.9,-8.71,-5.67,1.83,1127568642.0,-73.6077,11.0316,91.494,-107.5871,60364535949.9,
2024-04-17,8621026,147.5,151.57,145.54,150.1,5.2,3.59,2.07,1284064611.0,-76.2492,11.4275,94.7775,-111.4481,62530827095.1,
2024-04-18,7986629,150.0,154.5,144.43,150.1,0.0,0.0,1.92,1197859102.0,-76.2492,11.4275,94.7775,-111.4481,62530827095.1,
2024-04-19,7015429,149.0,150.2,141.41,141.41,-8.69,-5.79,1.68,1011215418.0,-71.8348,10.7659,89.2903,-104.9958,58910621315.91,
2024-04-22,6559855,132.94,141.0,130.02,138.25,-3.16,-2.23,1.57,899832311.0,-70.2295,10.5254,87.295,-102.6496,57594182850.75,
2024-04-23,4321210,139.15,141.0,136.5,139.24,0.99,0.72,1.04,598643781.0,-70.7324,10.6007,87.9201,-103.3846,58006611357.24,
2024-04-24,9757046,140.0,154.49,138.5,153.19,13.95,10.02,2.34,1442371595.0,-77.8189,11.6628,96.7286,-113.7424,63818103948.69,
2024-04-25,4527269,150.75,153.75,149.38,150.0,-3.19,-2.08,1.09,683804061.0,-76.1984,11.4199,94.7143,-111.3738,62489167650.0,
2024-04-26,9582663,155.0,163.35,153.2,161.99,11.99,7.99,2.3,1526362082.0,-82.2892,12.3327,102.2852,-120.2763,67484135117.49,
2024-04-29,11212270,163.0,177.52,163.0,171.01,9.02,5.57,2.69,1918747831.0,-86.8713,13.0195,107.9806,-126.9736,71241817065.51,
2024-04-30,7728703,169.0,173.5,165.47,171.39,0.38,0.22,1.86,1308560038.0,-87.0643,13.0484,108.2206,-127.2558,71400122956.89,
2024-05-06,8535390,176.0,176.65,164.01,164.72,-6.67,-3.89,2.05,1434750429.0,-83.676,12.5406,104.009,-122.3033,68621437968.72,
2024-05-07,8090957,166.66,169.95,158.7,160.4,-4.32,-2.62,1.94,1324252444.0,-81.4815,12.2117,101.2812,-119.0958,66821749940.4,
2024-05-08,5494380,159.0,163.95,156.5,160.2,-0.2,-0.12,1.32,882076058.0,-81.3799,12.1965,101.1549,-118.9473,66738431050.2,
2024-05-09,13756569,162.02,180.21,161.0,178.11,17.91,11.18,3.3,2360269749.0,-90.478,13.56,112.4638,-132.2453,74199637667.61,
2024-05-10,8628761,173.99,175.17,167.16,170.36,-7.75,-4.35,2.07,1472557235.0,-86.5411,12.97,107.5702,-126.491,70971030672.36,
2024-05-13,5354404,167.25,172.0,164.78,166.25,-4.11,-2.41,1.29,895044675.0,-84.4532,12.6571,104.975,-123.4393,69258827478.75,
2024-05-14,8430664,169.0,176.25,163.62,169.96,3.71,2.23,2.02,1437561352.0,-86.3379,12.9395,107.3176,-126.194,70804392891.96,
2024-05-15,8641160,167.03,176.94,164.87,174.05,4.09,2.41,2.07,1484767106.0,-88.4155,13.2509,109.9002,-129.2308,72508264196.55,
2024-05-16,10021544,179.2,187.77,176.03,181.66,7.61,4.37,2.41,1823625266.0,-92.2813,13.8303,114.7054,-134.8812,75678547968.66,
2024-05-17,9888452,177.0,195.88,176.03,190.83,9.17,5.05,2.37,1876941133.0,-96.9396,14.5284,120.4956,-141.6898,79498719084.33,
2024-05-20,11333158,188.9,205.58,185.5,195.93,5.1,2.67,2.72,2228655473.0,-99.5303,14.9167,123.7158,-145.4765,81623350784.43,
2024-05-21,9310632,194.32,201.32,186.32,187.0,-8.93,-4.56,2.23,1776779608.0,-94.994,14.2368,118.0772,-138.8461,77903162337.0,
2024-05-22,6430755,187.0,190.5,182.19,188.99,1.99,1.06,1.54,1201753631.0,-96.0049,14.3883,119.3337,-140.3236,78732185294.49,
2024-05-23,6560554,190.1,193.0,181.52,183.7,-5.29,-2.8,1.57,1212718900.0,-93.3176,13.9856,115.9935,-136.3958,76528400648.7,
2024-05-24,11136194,185.0,186.5,169.8,171.9,-11.8,-6.42,2.67,1971492337.0,-87.3234,13.0872,108.5426,-127.6344,71612586126.9,
2024-05-27,9814833,170.0,177.6,165.98,175.99,4.09,2.38,2.36,1687678028.0,-89.401,13.3986,111.1252,-130.6712,73316457431.49,
2024-05-28,8091765,174.51,183.0,172.0,172.25,-3.74,-2.13,1.94,1428303181.0,-87.5012,13.1139,108.7636,-127.8943,71758394184.75,
2024-05-29,5770667,174.3,178.64,170.11,172.0,-0.25,-0.15,1.39,1005904404.0,-87.3742,13.0948,108.6058,-127.7087,71654245572.0,
2024-05-30,5239313,170.33,175.0,168.64,172.53,0.53,0.31,1.26,903688775.0,-87.6434,13.1352,108.9404,-128.1022,71875040631.03,
2024-05-31,7107486,173.0,180.9,170.94,174.79,2.26,1.31,1.71,1254837733.0,-88.7915,13.3072,110.3674,-129.7802,72816544090.29,
2024-06-03,7497803,172.55,182.57,172.5,180.99,6.2,3.55,1.8,1342741871.0,-91.941,13.7793,114.2823,-134.3837,75399429686.49,
2024-06-04,4756579,178.85,182.55,176.08,179.57,-1.42,-0.78,1.14,849754222.0,-91.2196,13.6712,113.3857,-133.3293,74807865566.07,
2024-06-05,5790849,179.01,186.0,178.5,180.1,0.53,0.3,1.39,1054113402.0,-91.4889,13.7115,113.7203,-133.7229,75028660625.1,
2024-06-06,8666051,185.0,185.88,172.5,173.37,-6.73,-3.74,2.08,1558513967.0,-88.0701,13.1991,109.4708,-128.7259,72224979969.87,
2024-06-07,8287988,174.93,182.06,171.6,181.0,7.63,4.4,1.99,1461753551.0,-91.9461,13.78,114.2886,-134.3911,75403595631.0,
2024-06-11,9954727,183.0,190.5,181.01,190.41,9.41,5.2,2.39,1848778859.0,-96.7262,14.4964,120.2304,-141.378,79323749414.91,
2024-06-12,5338440,190.42,192.29,188.02,189.8,-0.61,-0.32,1.28,1014931367.0,-96.4164,14.45,119.8452,-140.925,79069626799.8,
2024-06-13,9477745,193.0,202.99,191.69,195.53,5.73,3.02,2.28,1877335920.0,-99.3271,14.8862,123.4633,-145.1795,81456713004.03,
2024-06-14,8214388,194.0,200.5,191.25,200.01,4.48,2.29,1.97,1617779423.0,-101.6029,15.2273,126.2921,-148.5059,83323056144.51,
2024-06-17,10621894,198.0,213.8,196.96,210.99,10.98,5.49,2.55,2211612827.0,-107.1807,16.0632,133.2252,-156.6585,87897263216.49,
2024-06-18,8565820,210.96,218.0,205.2,209.1,-1.89,-0.9,2.06,1803085227.0,-106.2206,15.9194,132.0318,-155.2551,87109899704.1,
2024-06-19,9745096,208.61,222.0,208.61,217.31,8.21,3.93,2.34,2099253932.0,-110.3912,16.5444,137.2158,-161.351,90530140146.81,
2024-06-20,7996342,217.35,222.2,212.55,214.74,-2.57,-1.18,1.92,1733521794.0,-109.0856,16.3487,135.593,-159.4428,89459492407.74,
2024-06-21,6598157,210.88,217.5,205.7,215.29,0.55,0.26,1.58,1396022726.0,-109.365,16.3906,135.9403,-159.8512,89688619355.79,
2024-06-24,8288139,214.8,216.66,204.02,206.31,-8.98,-4.17,1.99,1737535849.0,-104.8033,14.5931,130.2701,-153.1836,85947601185.81,
2024-06-25,9049890,205.03,205.3,196.0,197.2,-9.11,-4.42,2.17,1799750280.0,-100.1755,13.9487,124.5178,-146.4195,82152425737.2,
2024-06-26,8004071,200.85,204.73,194.01,202.97,5.77,2.93,1.92,1601299512.0,-103.1066,14.3568,128.1611,-150.7037,84556175719.47,
2024-06-27,5247623,198.5,205.01,197.67,198.61,-4.36,-2.15,1.26,1051639645.0,-100.8918,14.0484,125.4081,-147.4664,82739823913.11,
2024-06-28,7357795,198.0,204.25,196.1,198.67,0.06,0.03,1.77,1471104173.0,-100.9222,14.0527,125.446,-147.5109,82764819580.17,
2024-07-01,6309305,199.5,205.5,197.0,204.84,6.17,3.11,1.51,1271717372.0,-104.0565,14.4891,129.3419,-152.0921,85335207342.84,
2024-07-02,6655456,204.0,204.7,195.57,197.0,-7.84,-3.83,1.6,1325374774.0,-100.0739,13.9345,124.3915,-146.271,82069106847.0,
2024-07-03,6973556,196.17,198.0,187.55,195.5,-1.5,-0.76,1.67,1343316375.0,-99.3119,13.8284,123.4443,-145.1572,81444215170.5,
2024-07-04,3936461,196.85,198.78,193.0,193.46,-2.04,-1.04,0.94,768920979.0,-98.2756,13.6842,122.1562,-143.6426,80594362490.46,
2024-07-05,5311250,192.52,197.0,187.5,192.8,-0.66,-0.34,1.27,1019879414.0,-97.9403,13.6375,121.7395,-143.1525,80319410152.8,
2024-07-08,4232957,191.5,195.88,189.05,192.5,-0.3,-0.16,1.02,819395548.0,-97.7879,13.6162,121.55,-142.9298,80194431817.5,
2024-07-09,8016332,191.5,208.7,191.2,207.34,14.84,7.71,1.92,1622167756.0,-105.3265,14.6659,130.9204,-153.9484,86376693470.34,
2024-07-10,5777653,206.0,211.88,206.0,211.14,3.8,1.83,1.39,1211964475.0,-107.2569,14.9347,133.3199,-156.7698,87959752384.14,
2024-07-11,8169273,213.5,215.0,198.9,201.65,-9.49,-4.49,1.96,1674155377.0,-102.436,14.2635,127.3276,-149.7236,84006271044.15,
2024-07-12,4187843,197.0,201.6,194.11,199.4,-2.25,-1.12,1.01,829793302.0,-101.2931,14.1043,125.9069,-148.053,83068933529.4,
2024-07-15,6481589,199.4,211.0,198.76,208.2,8.8,4.41,1.56,1340770891.0,-105.7634,14.7268,131.4635,-154.5869,86734964698.2,
2024-07-16,19307399,208.0,249.84,208.0,249.84,41.64,20.0,4.63,4510843310.0,-126.916,17.6721,157.7562,-185.5043,104081957637.84,
2024-07-17,12151129,248.0,257.55,247.06,247.94,-1.9,-0.76,2.92,3062974086.0,-126.2116,17.574,156.8805,-184.4746,103504227338.82,
2024-07-18,15252206,244.0,257.47,228.51,254.0,6.06,2.44,3.66,3712619339.0,-129.2964,18.0036,160.7149,-188.9834,106034015262.0,
2024-07-19,15485007,248.89,278.59,246.01,268.4,14.4,5.67,3.72,4094585529.0,-136.6265,17.853,169.8263,-199.6974,112045392505.2,
2024-07-22,10357001,268.0,272.88,260.5,265.22,-3.18,-1.18,2.49,2759444109.0,-135.0078,17.6415,167.8142,-197.3314,110717880030.66,
2024-07-23,12188842,263.0,266.23,247.18,248.46,-16.76,-6.32,2.92,3099222547.0,-126.4763,16.5267,157.2095,-184.8615,103721304850.38,
2024-07-24,13113571,249.0,271.0,249.0,261.25,12.79,5.15,3.14,3428381283.0,-132.9869,17.3774,165.3022,-194.3776,109060576721.25,
2024-07-25,8636328,260.59,265.0,251.77,255.8,-5.45,-2.09,2.07,2219649543.0,-130.2126,17.0149,161.8538,-190.3227,106785437417.4,
2024-07-26,8141284,256.3,257.0,247.11,250.73,-5.07,-1.98,1.95,2048184222.0,-127.6318,16.6777,158.6458,-186.5504,104668931679.69,
2024-07-29,7919376,251.02,253.4,236.69,246.52,-4.21,-1.68,1.9,1943887553.0,-125.4887,16.3976,155.982,-183.4181,102911438749.56,
2024-07-30,7036312,246.53,252.74,243.0,244.4,-2.12,-0.86,1.69,1739502160.0,-124.4096,16.2566,154.6406,-181.8407,102026430433.2,
2024-07-31,10858900,240.05,268.48,240.05,264.06,19.66,8.04,2.6,2804759461.0,-134.4173,17.5643,167.0802,-196.4683,110233630197.18,
2024-08-01,8938306,268.0,271.99,256.75,258.0,-6.06,-2.29,2.14,2360243183.0,-131.3325,17.1612,163.2458,-191.9595,107703842274.0,
2024-08-02,9828538,250.88,260.49,242.88,245.1,-12.9,-5.0,2.35,2446560657.0,-124.7659,16.3032,155.0835,-182.3616,102318650160.3,
2024-08-05,11936345,236.98,246.5,227.63,229.69,-15.41,-6.29,2.86,2807448369.0,-116.9216,15.2782,145.3331,-170.8961,95885641596.57,
2024-08-06,6835596,238.03,240.0,228.3,233.46,3.77,1.64,1.64,1592301660.0,-118.8407,15.5289,147.7185,-173.7011,97459453555.38,
2024-08-07,6908984,232.98,236.99,223.8,229.5,-3.96,-1.7,1.66,1596991481.0,-116.8249,15.2655,145.2129,-170.7547,95806324813.5,
2024-08-08,6795331,225.3,235.25,221.45,229.54,0.04,0.02,1.63,1557819401.0,-116.8452,15.2682,145.2382,-170.7845,95823023083.62,
2024-08-09,11154738,235.02,250.0,231.68,246.96,17.42,7.59,2.67,2706175472.0,-125.7127,16.4269,156.2604,-183.7454,103095119720.88,
2024-08-12,5634015,243.92,248.0,238.11,241.05,-5.91,-2.39,1.35,1368129597.0,-122.7043,16.0338,152.521,-179.3482,100627950310.65,
2024-08-13,5429629,241.98,246.15,233.67,240.7,-0.35,-0.15,1.3,1300711271.0,-122.5261,16.0105,152.2995,-179.0878,100481840447.1,
2024-08-14,6634197,242.0,252.4,241.0,241.68,0.98,0.41,1.59,1630482736.0,-123.025,16.0757,152.9196,-179.817,100890948065.04,
2024-08-15,4768298,239.1,246.89,239.0,241.32,-0.36,-0.15,1.14,1158491545.0,-122.8417,16.0518,152.6918,-179.5491,100740663633.96,
2024-08-16,6272523,244.18,251.0,241.0,244.6,3.28,1.36,1.5,1548297773.0,-124.5114,16.2699,154.7672,-181.9895,102109921783.8,
2024-08-19,6580656,245.4,258.0,245.4,255.0,10.4,4.25,1.58,1667890014.0,-127.6824,18.9723,161.3674,-146.1743,106451472015.0,
2024-08-20,5322463,256.11,257.58,246.58,247.98,-7.02,-2.75,1.27,1339860947.0,-124.1673,18.45,156.925,-142.1502,103520925608.94,
2024-08-21,8292657,246.88,269.69,245.0,263.84,15.86,6.4,1.99,2146072076.0,-132.1087,19.63,166.9614,-151.2417,110141789711.52,
2024-08-22,5200055,263.0,267.95,258.76,260.69,-3.15,-1.19,1.25,1367354358.0,-130.5314,19.3956,164.9681,-149.436,108826800939.57,
2024-08-23,6407227,258.11,260.66,247.8,253.02,-7.67,-2.94,1.53,1619350617.0,-126.6909,18.825,160.1144,-145.0393,105624907644.06,
2024-08-26,4950499,252.0,254.22,243.4,247.22,-5.8,-2.29,1.19,1228548627.0,-123.7868,18.3934,156.4441,-141.7146,103203658476.66,
2024-08-27,3704435,245.1,246.0,239.88,244.1,-3.12,-1.26,0.89,901860775.0,-122.2246,18.1613,154.4697,-139.9261,101901193407.3,
2024-08-28,4640904,244.0,248.39,236.2,240.2,-3.9,-1.6,1.11,1114605924.0,-120.2718,17.8711,152.0017,-137.6905,100273112070.6,
2024-08-29,4538637,232.0,242.88,232.0,240.29,0.09,0.04,1.09,1080614756.0,-120.3168,17.8778,152.0587,-137.7421,100310683178.37,
2024-08-30,8468308,240.0,262.76,235.29,256.69,16.4,6.83,2.03,2137905933.0,-128.5286,19.098,162.4368,-147.1431,107156973927.57,
2024-09-02,8010042,265.68,267.93,252.09,252.14,-4.55,-1.77,1.92,2079665248.0,-126.2503,18.7595,159.5575,-144.5349,105257545701.42,
2024-09-03,7419613,252.0,256.22,240.1,240.7,-11.44,-4.54,1.78,1817951529.0,-120.5221,17.9083,152.3181,-137.9771,100481840447.1,
2024-09-04,5639179,235.0,241.2,232.68,239.14,-1.56,-0.65,1.35,1333444699.0,-119.741,19.108,151.331,-137.0829,99830607912.42,
2024-09-05,14630289,239.16,242.08,205.26,206.9,-32.24,-13.48,3.5,3212494378.0,-103.598,16.532,130.9291,-118.6018,86371802195.7,
2024-09-06,10617610,211.0,219.66,210.0,215.18,8.28,4.0,2.54,2287211711.0,-107.7439,17.194,136.1688,-123.3482,89828344110.54,
2024-09-09,8461678,214.99,216.78,203.88,210.71,-4.47,-2.08,2.03,1777137356.0,-105.5057,16.837,133.3401,-120.7859,87962312424.63,
2024-09-10,6627927,210.71,218.12,206.97,213.68,2.97,1.41,1.59,1411502924.0,-106.9928,17.074,135.2195,-122.4884,89202158981.04,
2024-09-11,4309610,213.0,217.29,211.0,215.66,1.98,0.93,1.03,923740036.0,-107.9842,17.232,136.4725,-123.6234,90028723351.98,
2024-09-12,4114397,219.98,220.99,214.0,214.49,-1.17,-0.54,0.99,891201831.0,-107.3984,17.139,135.7321,-122.9527,89540298950.97,
2024-09-13,6755502,216.55,225.3,213.76,220.5,6.01,2.8,1.62,1493104038.0,-110.4077,17.619,139.5353,-126.3978,92049214036.5,
2024-09-18,6156044,218.0,221.55,206.88,210.01,-10.49,-4.76,1.47,1311600263.0,-105.1552,16.781,132.8971,-120.3846,87670092697.53,
2024-09-19,5023996,210.8,212.0,205.05,209.5,-0.51,-0.24,1.2,1049604956.0,-104.8998,16.74,132.5744,-120.0922,87457189753.5,
2024-09-20,4061619,209.5,214.88,207.0,208.87,-0.63,-0.3,0.97,853971176.0,-104.5844,16.689,132.1757,-119.7311,87194191999.11,
2024-09-23,6129867,211.52,220.5,210.0,212.61,3.74,1.79,1.47,1322572932.0,-106.457,16.988,134.5424,-121.875,88755480255.33,
2024-09-24,8212051,213.33,227.39,210.5,221.8,9.19,4.32,1.97,1796282485.0,-111.0586,17.723,140.358,-127.143,92591907815.4,
2024-09-25,7841332,226.24,233.58,221.79,222.01,0.21,0.09,1.88,1783599550.0,-111.1638,17.739,140.4909,-127.2634,92679573733.53,
2024-09-26,7630675,221.88,224.0,215.5,224.0,1.99,0.9,1.83,1675712887.0,-112.1602,17.898,141.7502,-128.4041,93510312672.0,
2024-09-27,7879335,223.0,245.0,217.42,240.97,16.97,7.58,1.89,1796877744.0,-120.6573,19.254,152.489,-138.1319,100594553770.41,
2024-09-30,16630413,256.0,289.16,243.98,289.16,48.19,20.0,3.98,4490414068.0,-144.7868,23.105,182.9843,-165.756,120711794697.48,
2024-10-08,13133511,346.99,346.99,325.0,346.99,57.83,20.0,3.15,4531495059.0,-173.7431,27.726,219.5799,-198.906,144853318723.47,
2024-10-09,29676382,349.0,415.0,302.32,371.5,24.51,7.06,7.11,10898439374.0,-186.0157,29.684,235.0901,-212.9559,155085183739.5,
2024-10-10,17681233,372.0,380.0,310.0,347.2,-24.3,-6.54,4.24,6261550883.0,-173.8483,27.743,219.7128,-199.0264,144940984641.6,
2024-10-11,13108216,336.5,362.0,332.0,333.0,-14.2,-4.09,3.14,4540002852.0,-166.7381,26.608,210.7268,-190.8865,139013098749.0,
2024-10-14,13693642,336.11,374.88,336.11,374.1,41.1,12.34,3.28,4834791189.0,-187.3175,29.892,236.7354,-214.4463,156170571297.3,
2024-10-15,11142218,368.0,378.5,355.55,355.55,-18.55,-4.96,2.67,4055340412.0,-178.0293,28.41,224.9968,-203.8129,148426748529.15,
2024-10-16,7291461,342.0,354.51,338.0,342.19,-13.36,-3.76,1.75,2515727754.0,-171.3397,27.342,216.5424,-196.1545,142849526309.07,
2024-10-17,10269502,356.2,374.9,353.47,358.09,15.9,4.65,2.46,3732763714.0,-195.3574,28.613,199.6136,-79.4664,149487088681.77,
2024-10-18,14897077,360.0,429.71,357.02,429.71,71.62,20.0,3.57,5904655805.0,-234.43,34.335,239.5374,-95.3601,179385341331.63,
2024-10-21,22887318,454.0,503.33,419.51,444.0,14.29,3.33,5.48,10394616174.0,-242.226,35.477,247.5032,-98.5313,185350798332.0,
2024-10-22,15357904,430.01,444.04,415.69,421.0,-23.0,-5.18,3.68,6604328973.0,-229.6783,33.639,234.6821,-93.4272,175749293013.0,
2024-10-23,12642831,414.0,429.84,405.67,419.0,-2.0,-0.48,3.03,5277811460.0,-228.5871,33.48,233.5672,-92.9834,174914379507.0,
2024-10-24,10368887,406.0,433.0,406.0,425.2,6.2,1.48,2.48,4361931717.0,-231.9696,33.975,237.0234,-94.3593,177502611375.6,
2024-10-25,10214642,428.0,444.5,412.7,421.89,-3.31,-0.78,2.45,4344517216.0,-230.1638,33.711,235.1782,-93.6247,176120829523.17,
2024-10-28,9045071,425.01,437.6,417.62,434.7,12.81,3.04,2.17,3876068360.0,-237.1523,34.734,242.319,-96.4675,181468450529.1,
2024-10-29,11362978,431.0,475.39,430.79,434.01,-0.69,-0.16,2.72,5078813269.0,-236.7759,34.679,241.9344,-96.3144,181180405369.53,
2024-10-30,10210706,425.0,452.93,421.0,445.25,11.24,2.59,2.45,4463581506.0,-242.9079,35.577,248.2,-98.8087,185872619273.25,
2024-10-31,13042572,476.0,482.56,451.0,453.6,8.35,1.88,3.12,6100933942.0,-247.4633,36.853,252.8546,-100.6617,189358383160.8,
2024-11-01,13525364,446.0,461.8,410.99,411.01,-42.59,-9.39,3.24,5841907647.0,-224.2282,33.392,229.1133,-91.2103,171578900050.53,
2024-11-04,8383317,408.88,416.9,402.79,410.94,-0.07,-0.02,2.01,3429092454.0,-224.19,33.387,229.0743,-91.1947,171549678077.82,
2024-11-05,11785153,406.94,449.0,406.11,437.86,26.92,6.55,2.82,5121353891.0,-238.8763,35.574,244.0805,-97.1687,182787613868.58,
2024-11-06,11329626,441.0,470.39,439.22,456.0,18.14,4.14,2.71,5178228327.0,-248.7726,37.048,254.1925,-101.1943,190360279368.0,
2024-11-07,11391909,451.44,488.0,445.01,476.0,20.0,4.39,2.73,5288087731.0,-259.6837,38.672,265.3413,-105.6327,198709414428.0,
2024-11-08,21453800,488.01,493.03,420.0,431.0,-45.0,-9.45,5.14,9713509939.0,-235.1338,35.016,240.2565,-95.6464,179923860543.0,
2024-11-11,15360887,420.01,448.0,415.5,430.51,-0.49,-0.11,3.68,6635052639.0,-234.8665,34.977,239.9834,-95.5377,179719306734.03,
2024-11-12,11393018,425.0,444.12,411.01,422.99,-7.52,-1.75,2.73,4862060425.0,-230.7639,34.366,235.7914,-93.8688,176580031951.47,
2024-11-13,16560079,423.35,490.88,415.0,474.0,51.01,12.06,3.97,7414351249.0,-258.5926,38.51,264.2264,-105.1888,197874500922.0,
2024-11-14,10444713,469.26,494.88,465.01,469.0,-5.0,-1.05,2.5,5005409405.0,-255.8648,38.104,261.4392,-104.0793,195787217157.0,
2024-11-15,9397802,474.9,483.0,450.0,453.68,-15.32,-3.27,2.25,4391637847.0,-247.507,36.859,252.8992,-100.6795,189391779701.04,
2024-11-18,8247691,450.0,476.36,440.58,448.66,-5.02,-1.11,1.98,3753337084.0,-244.7683,36.451,250.1009,-99.5655,187296146800.98,
2024-11-19,9737149,450.0,465.0,425.0,461.0,12.34,2.75,2.33,4325527019.0,-251.5004,37.454,256.9797,-102.3039,192447563133.0,
2024-11-20,9330080,456.0,479.65,449.01,475.0,14.0,3.04,2.23,4328962250.0,-259.1382,38.591,264.7839,-105.4108,198291957675.0,
2024-11-21,12066333,474.99,525.0,470.64,514.32,39.32,8.28,2.89,6058022891.0,-280.5894,41.786,286.7024,-114.1366,214706357202.96,
2024-11-22,8702758,510.0,521.54,490.01,492.0,-22.32,-4.34,2.08,4373599416.0,-268.4126,39.972,274.2603,-109.1834,205388722476.0,
2024-11-25,9034201,499.87,503.58,469.0,489.0,-3.0,-0.61,2.16,4337897991.0,-266.7759,39.729,272.588,-108.5176,204136352217.0,
2024-11-26,4545327,484.0,494.9,476.8,485.9,-3.1,-0.63,1.09,2209649265.0,-265.0847,39.477,270.8599,-107.8297,202842236282.7,
2024-11-27,9932091,482.0,535.0,480.0,534.55,48.65,10.01,2.38,5088377984.0,-291.6259,43.429,297.9794,-118.6259,223151507316.15,
2024-11-28,10937412,530.0,588.7,527.01,546.03,11.48,2.15,2.62,6079438113.0,-297.8889,44.362,304.3788,-121.1736,227943910840.59,
2024-11-29,9289018,542.0,590.0,540.38,561.0,14.97,2.74,2.23,5219224251.0,-306.0558,45.578,312.7237,-124.4957,234193238433.0,
2024-12-02,8989705,561.0,584.53,535.69,562.0,1.0,0.18,2.15,5030552962.0,-306.6014,45.66,313.2811,-124.7176,234610695186.0,
2024-12-03,7915956,556.0,589.96,553.33,569.99,7.99,1.42,1.9,4545547365.0,-310.9604,46.309,317.735,-126.4907,237946174642.47,
2024-12-04,8901721,584.78,591.0,540.0,552.6,-17.39,-3.05,2.13,4996846354.0,-301.4732,44.896,308.0412,-122.6315,230686601707.8,
2024-12-05,5674763,550.0,572.86,545.5,570.12,17.52,3.17,1.36,3172809908.0,-311.0313,46.319,317.8075,-126.5195,238000444020.36,
2024-12-06,6232280,570.1,576.0,548.0,553.6,-16.52,-2.9,1.49,3482705704.0,-302.0187,44.977,308.5986,-122.8535,231104058460.8,
2024-12-09,8502600,549.0,556.9,515.14,539.0,-14.6,-2.64,2.04,4537704077.0,-294.0536,43.791,300.46,-119.6135,225009189867.0,
2024-12-10,9115789,558.0,564.9,526.66,538.43,-0.57,-0.11,2.18,4950728142.0,-293.7427,43.745,300.1422,-119.487,224771239517.79,
2024-12-11,6546419,530.94,552.79,521.28,544.8,6.37,1.18,1.57,3517091257.0,-297.2178,44.262,303.6931,-120.9006,227430439034.4,
2024-12-12,8555301,550.0,576.99,544.2,576.99,32.19,5.91,2.05,4823535551.0,-314.7792,46.877,321.6371,-128.0441,240868371913.47,
2024-12-13,11367277,572.44,599.99,558.2,568.0,-8.99,-1.56,2.72,6576691099.0,-309.8747,46.147,316.6257,-126.0491,237115435704.0,
2024-12-16,7463902,574.0,594.0,560.0,575.25,7.25,1.28,1.79,4316876552.0,-313.83,46.736,320.6672,-127.658,240141997163.25,
2024-12-17,5758896,566.78,590.0,560.0,570.0,-5.25,-0.91,1.38,3311232646.0,-310.9658,46.309,317.7406,-126.4929,237950349210.0,
2024-12-18,8774587,567.89,618.18,560.28,617.55,47.55,8.34,2.1,5179522069.0,-336.9069,50.173,344.2469,-137.0451,257800417815.15,
2024-12-19,8617152,606.0,654.99,596.2,636.02,18.47,2.99,2.06,5379397222.0,-346.9833,51.673,354.5428,-141.1439,265510844043.06,
2024-12-20,9310919,634.97,676.77,631.0,675.95,39.93,6.28,2.23,6121082406.0,-368.7673,54.917,376.8014,-150.0051,282179892190.35,
2024-12-23,10380437,675.95,700.0,635.0,648.75,-27.2,-4.02,2.49,6888866058.0,-353.9282,52.708,361.639,-143.9689,270825068508.75,
2024-12-24,7382927,655.5,662.0,620.06,659.3,10.55,1.63,1.77,4784588823.0,-359.6838,53.565,367.52,-146.3101,275229237252.9,
2024-12-25,6131874,651.0,666.6,634.03,662.1,2.8,0.42,1.47,3995053323.0,-361.2113,53.792,369.0808,-146.9315,276398116161.3,
2024-12-26,6481692,659.0,661.0,640.98,651.24,-10.86,-1.64,1.55,4219457591.36,-355.2866,52.91,363.027,-144.5215,271864535823.72,
2024-12-27,6301000,649.75,668.2,648.0,652.1,0.86,0.13,1.51,4151232803.0,-355.7558,52.98,363.5064,-144.7123,272223548631.3,
2024-12-30,7795859,655.01,695.88,649.0,683.5,31.4,4.82,1.87,5269180201.0,-372.8862,55.531,381.01,-151.6805,285331690675.5,
2024-12-31,7021055,684.0,688.0,658.0,658.0,-25.5,-3.73,1.68,4694180548.0,-358.9746,53.459,366.7953,-146.0216,274686543474.0,
2025-01-02,7975382,653.01,665.0,630.0,645.62,-12.38,-1.88,1.91,5128937886.0,-352.2206,52.453,359.8942,-143.2743,269518428871.86,
2025-01-03,6615237,639.89,644.99,616.16,621.0,-24.62,-3.81,1.58,4164652837.0,-338.7891,50.453,346.17,-137.8107,259240643613.0,
2025-01-06,7142193,625.74,650.0,613.8,649.48,28.48,4.59,1.71,4525444814.0,-354.3264,52.767,362.0459,-144.1309,271129811938.44,
2025-01-07,8730409,640.49,718.0,637.0,718.0,68.52,10.55,2.09,5905819223.0,-391.7078,58.334,400.2417,-159.3367,299733948654.0,
2025-01-08,8169427,701.0,735.0,698.6,726.0,8.0,1.11,1.96,5825786932.0,-396.0722,58.984,404.7012,-161.112,303073602678.0,
2025-01-09,5382326,725.0,731.97,706.15,712.29,-13.71,-1.89,1.29,3868372943.0,-388.5927,57.87,397.0587,-158.0695,297350270594.37,
2025-01-10,9438041,720.0,777.77,720.0,729.97,17.68,2.48,2.26,7034599855.0,-398.2381,59.306,406.9142,-161.993,304730905987.41,
2025-01-13,9307636,707.0,721.05,667.42,719.0,-10.97,-1.5,2.23,6466985233.0,-392.2534,58.415,400.7991,-159.5586,300151405407.0,
2025-01-14,8829242,716.0,717.0,679.19,694.01,-24.99,-3.48,2.12,6136445405.0,-378.62,56.385,386.8687,-154.0129,289719161149.53,
2025-01-15,9377400,671.0,718.0,662.1,695.96,1.95,0.28,2.25,6463773008.0,-379.6838,56.543,387.9557,-154.4456,290533201817.88,
2025-01-16,19429203,688.0,695.0,580.0,594.0,-101.96,-14.65,4.65,12218742013.0,-324.0591,48.259,331.1192,-131.8189,247969311282.0,
2025-01-17,12396309,577.0,605.87,570.0,592.0,-2.0,-0.34,2.97,7282220872.0,-322.968,48.097,330.0043,-131.3751,247134397776.0,
2025-01-20,11701286,591.0,632.83,582.2,618.22,26.22,4.43,2.8,7132068377.0,-337.2724,50.227,344.6204,-137.1938,258080113839.66,
2025-01-21,8515231,618.23,633.99,609.0,625.0,6.78,1.1,2.04,5291827352.0,-340.9713,50.778,348.3998,-138.6984,260910470625.0,
2025-01-22,8375100,612.01,649.97,612.01,641.12,16.12,2.58,2.01,5353629840.0,-349.7656,52.088,357.3857,-142.2757,267639873483.36,
2025-01-23,6703529,650.0,657.06,620.25,621.0,-20.12,-3.14,1.61,4271994200.0,-338.7891,50.453,346.17,-137.8107,259240643613.0,
2025-01-24,6893564,627.58,638.0,607.3,612.98,-8.02,-1.29,1.65,4282386858.0,-334.4137,49.801,341.6994,-136.0309,255892640453.94,
2025-01-27,11869330,582.01,595.94,551.68,572.0,-40.98,-6.69,2.84,6809918284.0,-312.0569,46.472,318.8555,-126.9367,238785262716.0,
2025-02-05,12450812,593.0,605.0,560.03,576.0,4.0,0.7,2.98,7347175023.0,-314.2391,46.797,321.0853,-127.8244,240455089728.0,
2025-02-06,10417804,576.0,588.95,560.0,563.99,-12.01,-2.09,2.5,5951745801.0,-307.687,45.821,314.3904,-125.1592,235441434124.47,
2025-02-07,12645400,562.0,610.0,562.0,598.89,34.9,6.19,3.03,7504342769.0,-326.7269,48.657,333.8451,-132.9041,250010674804.17,
2025-02-10,11763601,609.99,655.89,601.99,651.96,53.07,8.86,2.82,7416175393.0,-355.6794,52.968,363.4284,-144.6813,272165104685.88,
2025-02-11,9148212,652.0,696.5,641.01,667.83,15.87,2.43,2.19,6086293220.0,-364.3374,54.258,372.2749,-148.2031,278790143355.99,
2025-02-12,7100796,665.5,675.98,647.81,656.0,-11.83,-1.77,1.7,4674492828.0,-357.8835,53.297,365.6804,-145.5778,273851629968.0,
2025-02-13,7012988,660.0,672.23,631.99,638.0,-18.0,-2.74,1.68,4600340561.0,-348.0635,51.834,355.6465,-141.5833,266337408414.0,
2025-02-14,9937854,636.01,655.0,606.0,625.95,-12.05,-1.89,2.38,6194892871.0,-341.4896,50.855,348.9294,-138.9092,261307054540.35,
2025-02-17,9249959,639.9,661.0,630.0,660.82,34.87,5.57,2.22,6011369687.0,-360.513,53.688,368.3673,-146.6474,275863771517.46,
2025-02-18,7036589,660.82,660.88,626.0,628.1,-32.72,-4.95,1.69,4491054704.0,-342.6625,51.03,350.1279,-139.3863,262204586559.3,
2025-02-19,6238696,628.49,635.88,614.0,625.51,-2.59,-0.41,1.49,3893878133.0,-341.2495,50.819,348.6841,-138.8115,261123373569.03,
2025-02-20,6110473,630.0,636.9,609.99,618.51,-7.0,-1.12,1.46,3788676000.0,-337.4306,50.251,344.782,-137.2581,258201176298.03,
2025-02-21,16532611,645.0,742.21,630.0,742.21,123.7,20.0,3.96,11299483415.0,-404.9157,60.301,413.7373,-164.7093,309840576644.13,
2025-02-24,12757989,744.0,795.8,738.16,780.36,38.15,5.14,3.06,9825925748.0,-425.7286,63.4,435.0036,-173.1755,325766551771.08,
2025-02-25,10938062,780.0,818.87,751.5,790.38,10.02,1.28,2.62,8579508874.0,-431.195,64.214,440.5892,-175.3991,329949468436.14,
2025-02-26,7406488,781.13,813.0,762.93,795.0,4.62,0.58,1.77,5859100447.0,-433.7155,64.59,443.1646,-176.4243,331878118635.0,
2025-02-27,8093575,788.07,805.98,767.0,796.0,1.0,0.13,1.94,6375685065.0,-434.261,64.671,443.722,-176.6462,332295575388.0,
2025-02-28,12112043,780.0,796.0,725.0,735.44,-60.56,-7.61,2.9,9101646591.0,-401.2223,59.751,409.9634,-163.2069,307014394426.32,
